label;aps
Car, boat, motorcyle, truck;0.8503664802640587
Chainsaw;0.7188765200581129
Chop;0.6682532798082105
Gunshot, gunfire;0.7456084213501977
Helicopter;0.6247649245747067
Male singing;0.587032632192601
Cattle;0.6124347237615144
Radio;0.6848216625162779
Shout;0.6494081241158147
Silence;0.6826851118326958
Wind noise (microphone);0.7711660607118419
