label;aps
3 Distance 9mm gun shots;0.5783050941318111
556 gunshots;0.9101101459027462
Brommer Alarm;0.6432780380800385
Brommer;0.81192908883905
Claxons;0.3148774190091615
Dichtklappende autodeuren;0.44037102162594105
Luide mensen (schreeuwen, enz);0.662618670352645
Motoren;0.27602856702946577
Terrasgeluide (stille mensen);0.5096576570570894
Versterkte muziek;0.09227972159272206
