label;aps
Car, boat, motorcyle, truck;0.918755198082374
Chainsaw;0.718628826799659
Chop;0.11407063882278021
Gunshot, gunfire;0.8097193052393279
Helicopter;0.6677266795541444
Male singing;0.863140852017661
Cattle;0.6037490550320787
Radio;0.7857887120236191
Shout;0.6304322149329894
Silence;0.8887478321601379
Wind noise (microphone);0.6866835110714782
