label;aps
Silence;0
556 gunshots;1.0000000000000007
Brommer Alarm;0.9842464366785213
Brommer;0.8253245749631075
Claxons;0.9130527566774138
Dichtklappende autodeuren;0.7011565039882799
Luide mensen (schreeuwen enz);0.5300563009469432
Motoren;0.7641311731275744
Terrasgeluide (stille mensen);0.5939934270827514
Versterkte muziek;0.6064277911371573
