label;aps
556 gunshots;0.9996603325972673
Brommer Alarm;0.9195087526325664
Brommer;0.9259998950708339
Claxons;0.5879892029759698
Dichtklappende autodeuren;0.6369344682065694
Luide mensen (schreeuwen enz);0.8014515436314852
Motoren;0.4982889207406588
Terrasgeluide (stille mensen);0.5784618803622887
Versterkte muziek;0.13513972597182228
