label;aps
Car, boat, motorcyle, truck;0.9250135208554799
Chainsaw;0.7422614705517405
Chop;0.3669241915923227
Gunshot, gunfire;0.5664733440061248
Helicopter;0.6581907122112033
Male singing;0.9219427823762625
Cattle;0.4934715457594601
Radio;0.7944981317446325
Shout;0.6227200392621878
Silence;0.8720313619463774
Wind noise (microphone);0.6894990544582641
Gunshot SC9mm;0
Gunshot SC556;0.9995127444207738
Elephant;0.848487803804597
Bush;0.6602431515743826
Gunshot google;0.15577070987334668
