label;aps
3 Distance 9mm gun shots;0
556 gunshots;0.9815148028424169
Brommer Alarm;0.04846853759572413
Brommer;0.6735918644757255
Claxons;0.13893129308639446
Dichtklappende autodeuren;0.22623026097324955
Luide mensen (schreeuwen, enz);0.6052977677194734
Motoren;0.026103310803504726
Terrasgeluide (stille mensen);0.4820655797962218
Versterkte muziek;0.025023868995081824
